"DESCRIPTION","DURATION IN MS","NAME","PARENT SUITE","START TIME","STATUS","STOP TIME","SUB SUITE","SUITE","TEST CLASS","TEST METHOD"
"","747","TC03 - Invalid Password","chromium","2026-09-04","passed","2026-09-04","","tests\LoginTestCases.spec.js","",""
"","1027","Login Test Case using Valid User","chromium","2026-08-24","passed","2026-08-24","","tests\login.spec.js","",""
"","1354","Login Test Case using Invalid Credentials","chromium","2026-08-24","passed","2026-08-24","","tests\login.spec.js","",""
"","824","TC05 - Empty Username and Password","webkit","2026-09-04","passed","2026-09-04","","tests\LoginTestCases.spec.js","",""
"","1012","TC02 - Invalid Username","webkit","2026-09-04","passed","2026-09-04","","tests\LoginTestCases.spec.js","",""
"","705","has title","chromium","2026-09-04","passed","2026-09-04","","tests\example.spec.js","",""
"","1983","Login Test Case using Locked Out User","firefox","2026-08-24","passed","2026-08-24","","tests\login.spec.js","",""
"","521","3 - Get Current User","firefox","2026-09-04","passed","2026-09-04","Users API Automation","tests\api.spec.js","",""
"","1334","7 - Get All Users","chromium","2026-09-04","passed","2026-09-04","Users API Automation","tests\api.spec.js","",""
"","717","9 - Logout User","firefox","2026-09-04","passed","2026-09-04","Users API Automation","tests\api.spec.js","",""
"","913","TC04 - Invalid Username and Password","webkit","2026-09-04","passed","2026-09-04","","tests\LoginTestCases.spec.js","",""
"","683","TC05 - Empty Username and Password","chromium","2026-09-04","passed","2026-09-04","","tests\LoginTestCases.spec.js","",""
"","2145","Get All users API Test","chromium","2026-09-02","passed","2026-09-02","","tests\api.spec.js","",""
"","266","Logout Test Case","chromium","2026-09-04","failed","2026-09-04","","tests\logout.spec.js","",""
"","362","Smoke Test - Complete End to End Flow","chromium","2026-09-04","failed","2026-09-04","","SmokeTest\smoketest.spec.js","",""
"","2315","Complete Product Checkout","firefox","2026-09-04","failed","2026-09-04","","tests\Checkout.spec.js","",""
"","1039","8 - Change Password","firefox","2026-09-04","passed","2026-09-04","Users API Automation","tests\api.spec.js","",""
"","1095","7 - Get All Users","firefox","2026-09-04","passed","2026-09-04","Users API Automation","tests\api.spec.js","",""
"","1399","Login Test Case using Invalid Credentials","firefox","2026-08-24","passed","2026-08-24","","tests\login.spec.js","",""
"","1017","8 - Change Password","chromium","2026-09-04","passed","2026-09-04","Users API Automation","tests\api.spec.js","",""
"","714","5 - Replace Account","webkit","2026-09-04","passed","2026-09-04","Users API Automation","tests\api.spec.js","",""
"","5453","has title","firefox","2026-09-04","passed","2026-09-04","","tests\example.spec.js","",""
"","703","10 - Delete Account","chromium","2026-09-04","passed","2026-09-04","Users API Automation","tests\api.spec.js","",""
"","1699","Login Test Case using Valid User","firefox","2026-08-24","passed","2026-08-24","","tests\login.spec.js","",""
"","1721","get started link","webkit","2026-09-04","passed","2026-09-04","","tests\example.spec.js","",""
"","1028","Login Test Case using Locked Out User","chromium","2026-08-24","passed","2026-08-24","","tests\login.spec.js","",""
"","12","9 - Delete Account","chromium","2026-09-02","skipped","2026-09-02","Users API Automation","tests\api.spec.js","",""
"","2571","get started link","firefox","2026-09-04","passed","2026-09-04","","tests\example.spec.js","",""
"","1080","Smoke Test - Complete End to End Flow","webkit","2026-09-04","failed","2026-09-04","","SmokeTest\smoketest.spec.js","",""
"","1143","2 - Login User","webkit","2026-09-04","passed","2026-09-04","Users API Automation","tests\api.spec.js","",""
"","964","TC03 - Invalid Password","webkit","2026-09-04","passed","2026-09-04","","tests\LoginTestCases.spec.js","",""
"","1524","Login Test Case using Valid User","webkit","2026-08-24","passed","2026-08-24","","tests\login.spec.js","",""
"","5011","TC01 - Valid Login","firefox","2026-09-04","passed","2026-09-04","","tests\LoginTestCases.spec.js","",""
"","1707","Login Test Case with valid user","chromium","2026-09-04","passed","2026-09-04","Login","tests\login.spec.js","",""
"","1234","1 - Register User","webkit","2026-09-04","passed","2026-09-04","Users API Automation","tests\api.spec.js","",""
"","1617","TC04 - Invalid Username and Password","firefox","2026-09-04","passed","2026-09-04","","tests\LoginTestCases.spec.js","",""
"","517","3 - Get Current User","chromium","2026-09-04","passed","2026-09-04","Users API Automation","tests\api.spec.js","",""
"","711","5 - Replace Account","firefox","2026-09-04","passed","2026-09-04","Users API Automation","tests\api.spec.js","",""
"","1030","8 - Change Password","webkit","2026-09-04","passed","2026-09-04","Users API Automation","tests\api.spec.js","",""
"","1190","2 - Login User","chromium","2026-09-04","passed","2026-09-04","Users API Automation","tests\api.spec.js","",""
"","873","Verify Home Products Page","webkit","2026-09-04","failed","2026-09-04","","tests\HomePage.spec.js","",""
"","525","3 - Get Current User","webkit","2026-09-04","passed","2026-09-04","Users API Automation","tests\api.spec.js","",""
"","1485","Login Test Case using Locked Out User","webkit","2026-08-24","passed","2026-08-24","","tests\login.spec.js","",""
"","361","Complete Product Checkout","chromium","2026-09-04","failed","2026-09-04","","tests\Checkout.spec.js","",""
"","528","6 - Get User By Username","firefox","2026-09-04","passed","2026-09-04","Users API Automation","tests\api.spec.js","",""
"","1099","7 - Get All Users","webkit","2026-09-04","passed","2026-09-04","Users API Automation","tests\api.spec.js","",""
"","840","Complete Product Checkout","webkit","2026-09-04","failed","2026-09-04","","tests\Checkout.spec.js","",""
"","2982","Add Two Products to Cart","firefox","2026-09-04","failed","2026-09-04","","tests\AddtoCart.spec.js","",""
"","1820","TC02 - Invalid Username","firefox","2026-09-04","passed","2026-09-04","","tests\LoginTestCases.spec.js","",""
"","705","5 - Replace Account","chromium","2026-09-04","passed","2026-09-04","Users API Automation","tests\api.spec.js","",""
"","3253","Login Test Case with valid user","webkit","2026-09-04","passed","2026-09-04","Login","tests\login.spec.js","",""
"","5531","Login Test Case with valid user","firefox","2026-09-04","passed","2026-09-04","Login","tests\login.spec.js","",""
"","2072","Smoke Test - Complete End to End Flow","firefox","2026-09-04","failed","2026-09-04","","SmokeTest\smoketest.spec.js","",""
"","762","4 - Update Account","firefox","2026-09-04","passed","2026-09-04","Users API Automation","tests\api.spec.js","",""
"","709","10 - Delete Account","webkit","2026-09-04","passed","2026-09-04","Users API Automation","tests\api.spec.js","",""
"","1797","TC03 - Invalid Password","firefox","2026-09-04","passed","2026-09-04","","tests\LoginTestCases.spec.js","",""
"","1450","1 - Register User","chromium","2026-09-04","passed","2026-09-04","Users API Automation","tests\api.spec.js","",""
"","939","TC02 - Invalid Username","chromium","2026-09-04","passed","2026-09-04","","tests\LoginTestCases.spec.js","",""
"","894","has title","webkit","2026-09-04","passed","2026-09-04","","tests\example.spec.js","",""
"","1584","Login Test Case using Invalid Credentials","webkit","2026-08-24","passed","2026-08-24","","tests\login.spec.js","",""
"","902","get started link","chromium","2026-09-04","passed","2026-09-04","","tests\example.spec.js","",""
"","765","Logout Test Case","webkit","2026-09-04","failed","2026-09-04","","tests\logout.spec.js","",""
"","1537","TC01 - Valid Login","webkit","2026-09-04","passed","2026-09-04","","tests\LoginTestCases.spec.js","",""
"","520","6 - Get User By Username","chromium","2026-09-04","passed","2026-09-04","Users API Automation","tests\api.spec.js","",""
"","1192","2 - Login User","firefox","2026-09-04","passed","2026-09-04","Users API Automation","tests\api.spec.js","",""
"","313","Verify Home Products Page","chromium","2026-09-04","failed","2026-09-04","","tests\HomePage.spec.js","",""
"","354","Add Two Products to Cart","chromium","2026-09-04","failed","2026-09-04","","tests\AddtoCart.spec.js","",""
"","524","6 - Get User By Username","webkit","2026-09-04","passed","2026-09-04","Users API Automation","tests\api.spec.js","",""
"","727","TC04 - Invalid Username and Password","chromium","2026-09-04","passed","2026-09-04","","tests\LoginTestCases.spec.js","",""
"","701","9 - Logout User","webkit","2026-09-04","passed","2026-09-04","Users API Automation","tests\api.spec.js","",""
"","10","10 - Logout User","chromium","2026-09-02","skipped","2026-09-02","Users API Automation","tests\api.spec.js","",""
"","700","4 - Update Account","chromium","2026-09-04","passed","2026-09-04","Users API Automation","tests\api.spec.js","",""
"","2681","Verify Home Products Page","firefox","2026-09-04","failed","2026-09-04","","tests\HomePage.spec.js","",""
"","733","4 - Update Account","webkit","2026-09-04","passed","2026-09-04","Users API Automation","tests\api.spec.js","",""
"","1213","TC05 - Empty Username and Password","firefox","2026-09-04","passed","2026-09-04","","tests\LoginTestCases.spec.js","",""
"","718","10 - Delete Account","firefox","2026-09-04","passed","2026-09-04","Users API Automation","tests\api.spec.js","",""
"","701","9 - Logout User","chromium","2026-09-04","passed","2026-09-04","Users API Automation","tests\api.spec.js","",""
"","1103","Add Two Products to Cart","webkit","2026-09-04","failed","2026-09-04","","tests\AddtoCart.spec.js","",""
"","2614","Logout Test Case","firefox","2026-09-04","failed","2026-09-04","","tests\logout.spec.js","",""
"","1191","1 - Register User","firefox","2026-09-04","passed","2026-09-04","Users API Automation","tests\api.spec.js","",""
"","911","TC01 - Valid Login","chromium","2026-09-04","passed","2026-09-04","","tests\LoginTestCases.spec.js","",""
